nome,email,empresa,salario
Jeremy Wilkinson,accumsan@seddictum.org,Velit Eu Sem Associates,7848
Darius Joyner,lacinia.mattis.Integer@nuncsit.edu,Fusce Mollis Corporation,8690
Timon Love,auctor.nunc@duiFuscediam.net,Sodales Foundation,3174
Alden Lawson,ipsum@maurisut.com,Pede Et Corporation,9922
Oliver Head,faucibus@amet.ca,Eu Corp.,5929
Hammett Burt,non.quam@nequesed.edu,Convallis Ante Lectus Foundation,5753
Carl Nicholson,molestie@sit.com,Vitae Semper Egestas Consulting,2053
Emmanuel Barr,Etiam@Nullasempertellus.ca,Nunc Limited,2804
Lev Booth,venenatis.a@magna.co.uk,Ornare Placerat Corporation,7841
Forrest Hunter,orci.Ut.semper@Aliquamauctorvelit.edu,Lorem PC,2511
Emerson Zamora,eget.venenatis@Curae.org,Non Dapibus Rutrum Corp.,8118
Lewis Herman,orci.quis@Donecnibh.edu,Urna Et Consulting,3404
Gavin Delaney,eu@quamCurabiturvel.com,Sit Amet Ornare Company,2923
Hakeem Knight,tristique.pharetra.Quisque@ProindolorNulla.ca,Nulla Ante Iaculis Limited,3059
Harding Thornton,parturient.montes.nascetur@vitaesemperegestas.net,Proin Corporation,5066
Damian Roman,aliquet@neccursusa.edu,Quisque Libero Lacus Consulting,5277
Clarke Patrick,ligula.Aliquam@sempercursus.ca,Quisque Limited,6278
Elvis Ramirez,a.feugiat.tellus@risus.net,Aliquam Eu LLP,6302
Bradley Ramirez,purus.ac@arcuVestibulumante.org,Phasellus Ornare Fusce Foundation,2424
Kennan Stephenson,metus@tempuslorem.ca,Parturient Inc.,5644
Cody Branch,purus@non.com,Tellus Aenean Egestas Foundation,2081
Harrison Valencia,ac.risus@Crasegetnisi.ca,Lacinia At LLC,3309
Steel Velazquez,sit@consectetuereuismod.ca,Enim Condimentum Eget Company,8746
Abdul Carey,molestie.Sed@nonummy.com,Consectetuer Adipiscing Elit Institute,6753
Maxwell Santos,a@duiaugue.org,Sit Foundation,4577
Carlos Nash,lacus@suscipit.edu,Laoreet Posuere Enim PC,9359
Valentine Chen,nec.tempus.scelerisque@aliquet.org,Ligula Corp.,2366
Jason Fuentes,ridiculus.mus@metus.org,Facilisis Non Bibendum Associates,5173
Wyatt Harrington,enim@Duis.co.uk,Fames LLP,7962
Quentin Abbott,non@posuere.ca,At Velit LLC,3403
Cain Lindsay,consectetuer.adipiscing@Integervitae.edu,Et Arcu Imperdiet Industries,7348
Grady Gentry,eros@ligulaNullamenim.ca,Quam Dignissim Consulting,6169
Aladdin Day,bibendum.Donec@ascelerisquesed.ca,Commodo Tincidunt Inc.,2833
Kieran Goodwin,pellentesque.massa@non.org,Tincidunt PC,9203
Paki Strickland,dictum.ultricies.ligula@elitpharetra.com,Orci Lacus Consulting,3319
Aaron Osborne,adipiscing.non.luctus@laoreet.co.uk,Velit LLC,3710
Nolan Compton,lectus@tortor.com,Nunc Sed Libero Foundation,3487
Mason Wilder,nonummy.ut@dolorQuisquetincidunt.ca,Magna A Foundation,2592
Nehru Conway,mauris.Integer@felispurus.ca,Maecenas Limited,5643
Ishmael Rowland,eu.odio@id.org,Semper Rutrum Fusce Associates,5516
Craig Santos,velit@magnamalesuadavel.com,Quisque Purus PC,7459
Xander Manning,id@viverraMaecenasiaculis.edu,Lorem Fringilla Ornare Inc.,5947
Nolan Kim,nec.enim.Nunc@erategettincidunt.edu,Ut Dolor Dapibus Corporation,7816
Warren Day,diam.Duis.mi@purus.edu,Tortor Integer Foundation,8154
Bruce Salazar,Mauris.magna.Duis@antebibendumullamcorper.org,Non Vestibulum Company,9172
Nolan Ball,odio.a@necdiam.ca,Sociosqu Ad Litora PC,6892
Gabriel Pratt,Morbi@Cras.org,Ipsum Sodales Purus Limited,8701
Russell Bender,Maecenas.malesuada@gravida.ca,Malesuada Malesuada Industries,3274
Henry Richardson,luctus@ridiculusmusProin.net,Ac Mi Eleifend Institute,2106
Amir Marquez,tincidunt.vehicula@sodalesnisi.edu,Ligula Aenean Euismod Inc.,7404
Dillon Mccarthy,cursus.et.magna@quistristiqueac.net,In Lobortis Tellus Inc.,5839
Beau Hubbard,Donec.elementum@aliquet.co.uk,Ipsum Incorporated,3356
Tyrone Clements,neque.sed.dictum@tellus.org,Proin Vel Nisl Limited,4073
Hunter Santos,tortor.nibh.sit@interdumfeugiat.ca,Blandit Enim Corporation,6803
Isaiah Clements,nulla.Integer@mattisCraseget.com,Donec Incorporated,5622
Oleg Compton,porttitor.interdum@tellus.org,Lorem Ipsum Dolor Foundation,2099
Branden Moody,ac.facilisis.facilisis@ridiculusmusDonec.ca,Senectus LLC,5661
Hyatt Stanton,Nunc.sed@Aliquamornare.ca,Mollis Dui In LLC,3953
Hector Crosby,est@ametorci.co.uk,Placerat Company,4750
Russell Holloway,malesuada.fringilla@liberoestcongue.ca,Id PC,6877
Gavin Flynn,urna.et.arcu@vitae.com,Fringilla Mi Company,4780
Richard Martin,elit.Curabitur@Nullam.ca,Ultrices Vivamus Rhoncus Industries,7747
Solomon Foley,mauris.Suspendisse.aliquet@laoreetipsum.com,In Dolor Fusce Institute,7244
Warren Hooper,eu@tempus.net,Gravida Aliquam Consulting,3613
Cyrus King,scelerisque.neque.Nullam@musProinvel.com,Urna Vivamus PC,3284
Carlos Lane,scelerisque.dui@aliquameuaccumsan.edu,Rutrum Justo PC,5437
Upton Cunningham,sodales.purus.in@diamSed.edu,Integer Sem Industries,7463
Barry Medina,Curabitur@mauris.org,Justo Nec Ante Corporation,9758
Felix Larsen,odio@nulla.edu,Dolor Nulla LLC,8992
Dolan Montoya,ut@mollis.com,Sed Industries,9009
Joshua Madden,mus@faucibus.edu,Porttitor Corporation,8464
Coby Prince,sagittis.placerat.Cras@necimperdiet.co.uk,Turpis PC,9929
Dean Gould,mauris@nonhendrerit.edu,Rhoncus Corp.,4302
Eric Kim,leo.elementum@Suspendisse.edu,Erat Eget Corp.,3010
Ezekiel Graves,rutrum.Fusce@augue.co.uk,Nec Urna Limited,8401
Brenden Hutchinson,vehicula@magna.org,Sagittis Limited,7513
Bert Horne,sit@erat.edu,Nulla Industries,8651
Garrett Oneil,scelerisque@ullamcorperviverraMaecenas.com,Donec Porttitor Tellus Ltd,7841
Honorato Mccullough,Nullam.scelerisque@turpisnec.net,Non Quam Pellentesque Consulting,8219
Daquan Kaufman,auctor.odio@DuisgravidaPraesent.net,Sit Amet Risus LLP,3730
Caesar Bartlett,sit.amet.faucibus@felisadipiscing.org,Elit Pretium Et PC,9376
Wayne Hoffman,placerat.orci@laciniamattisInteger.com,Dictum Consulting,9810
Wyatt Gonzales,mollis.dui.in@vitae.edu,Elementum Sem PC,8340
Cameron Chandler,nulla.Integer@aliquamiaculis.net,Proin PC,5484
Reece Colon,sed.facilisis.vitae@per.com,Lacinia Sed Incorporated,5336
Aristotle Brewer,massa.rutrum@maurisut.com,Feugiat Nec Diam Industries,9147
Baker Kirby,ante@ornareelit.ca,Pede Sagittis Augue PC,4046
Oleg Soto,eu.dolor.egestas@sapiencursus.net,Sed Foundation,9121
Cullen Valentine,non.nisi@auctor.edu,Odio Auctor Consulting,3146
Jared Chavez,turpis@urnaUt.co.uk,Nullam Velit Company,9297
Valentine Ward,vulputate@tempusmauris.co.uk,At Fringilla Purus Inc.,5707
Neville Church,in.faucibus@pellentesquemassalobortis.co.uk,Mollis Non Cursus Ltd,3551
Chancellor Velazquez,molestie@etmagnis.net,Diam Lorem Auctor LLP,3735
Leroy Watts,accumsan@Incondimentum.com,Id Mollis Nec Consulting,3815
Timothy Gill,Mauris.vel@sit.edu,Lorem Ac Ltd,5558
Justin Franco,eros.Nam.consequat@Cumsociis.co.uk,Scelerisque Sed PC,7015
Wade Foreman,adipiscing.fringilla@orciconsectetuereuismod.co.uk,Nascetur Ridiculus Mus Inc.,9224
Armand Odom,felis.eget.varius@aenimSuspendisse.edu,Id Company,6146
Daquan Wade,amet.consectetuer.adipiscing@condimentumDonec.co.uk,Imperdiet LLC,5381
Alexander Gentry,per.inceptos.hymenaeos@erat.net,Adipiscing Lobortis Risus LLP,5738